iteration, FID
1, 5.29528493441914
2, 23.839852400171814
3, 55.22895237499776
4, 86.63260496958091
5, 114.97135387931019