iteration, Precision
1, 0.6946600079536438
2, 0.6879600286483765
3, 0.6594600081443787
4, 0.6370400190353394
5, 0.6058400273323059
6, 0.5709800124168396
7, 0.5435600280761719
8, 0.5209400057792664
9, 0.5133600234985352