iteration, Recall
1, 0.38845714926719666
2, 0.35337144136428833
3, 0.33084285259246826
4, 0.3094571530818939
5, 0.2870999872684479
6, 0.27302858233451843