iteration, RFID
1, 5.29528493441914
2, 2.9750284672109846
3, 2.6219883642949995
4, 2.268433238431806
5, 2.8357745093079894
6, 2.2065525492404836