iteration, Recall
1, 0.388700008392334
2, 0.11797142773866653
3, 0.017971428111195564
4, 0.0018285714322701097
5, 0.0002285714290337637