iteration, FID
1, 5.29528493441914
2, 6.650694306910706
3, 7.783877833231959
4, 8.496024411315947
5, 9.99815239233029
6, 9.77751467968453