iteration, Precision
1, 0.6930000185966492
2, 0.677839994430542
3, 0.6646000146865845
4, 0.6552799940109253
5, 0.6507999897003174
6, 0.6567000150680542