iteration, Precision
1, 0.692300021648407
2, 0.8494200110435486
3, 0.9152200222015381
4, 0.9322800040245056
5, 0.9286400079727173