iteration, RFID
1, 5.29528493441914
2, 1.6177140577484788
3, 1.0558197558907148
4, 0.7590864735727711
5, 0.6677642557296584